fhgnnhomocircuit_name,2hg2cgannrms,1hg2cgannrms,pix2pixnrms,wcpnetnrms,fhgnnhomonrms,2hg2cgant_nrms,1hg2cgant_nrms,pix2pixt_nrms,wcpnett_nrms,fhgnnhomot_nrms,2hg2cganssim,1hg2cganssim,pix2pixssim,wcpnetssim,fhgnnhomossim,2hg2cganpearson,1hg2cganpearson,pix2pixpearson,wcpnetpearson,fhgnnhomopearson,2hg2cganspearman,1hg2cganspearman,pix2pixspearman,wcpnetspearman,fhgnnhomospearman,2hg2cgankendall,1hg2cgankendall,pix2pixkendall,wcpnetkendall,fhgnnhomokendall,2hg2cganl4_x_nrms,1hg2cganl4_x_nrms,pix2pixl4_x_nrms,wcpnetl4_x_nrms,fhgnnhomol4_x_nrms,2hg2cganl4_x_t_nrms,1hg2cganl4_x_t_nrms,pix2pixl4_x_t_nrms,wcpnetl4_x_t_nrms,fhgnnhomol4_x_t_nrms,2hg2cganl4_x_ssim,1hg2cganl4_x_ssim,pix2pixl4_x_ssim,wcpnetl4_x_ssim,fhgnnhomol4_x_ssim,2hg2cganl4_x_pearson,1hg2cganl4_x_pearson,pix2pixl4_x_pearson,wcpnetl4_x_pearson,fhgnnhomol4_x_pearson,2hg2cganl4_x_spearman,1hg2cganl4_x_spearman,pix2pixl4_x_spearman,wcpnetl4_x_spearman,fhgnnhomol4_x_spearman,2hg2cganl4_x_kendall,1hg2cganl4_x_kendall,pix2pixl4_x_kendall,wcpnetl4_x_kendall,fhgnnhomol4_x_kendall,2hg2cganl4_y_nrms,1hg2cganl4_y_nrms,pix2pixl4_y_nrms,wcpnetl4_y_nrms,fhgnnhomol4_y_nrms,2hg2cganl4_y_t_nrms,1hg2cganl4_y_t_nrms,pix2pixl4_y_t_nrms,wcpnetl4_y_t_nrms,fhgnnhomol4_y_t_nrms,2hg2cganl4_y_ssim,1hg2cganl4_y_ssim,pix2pixl4_y_ssim,wcpnetl4_y_ssim,fhgnnhomol4_y_ssim,2hg2cganl4_y_pearson,1hg2cganl4_y_pearson,pix2pixl4_y_pearson,wcpnetl4_y_pearson,fhgnnhomol4_y_pearson,2hg2cganl4_y_spearman,1hg2cganl4_y_spearman,pix2pixl4_y_spearman,wcpnetl4_y_spearman,fhgnnhomol4_y_spearman,2hg2cganl4_y_kendall,1hg2cganl4_y_kendall,pix2pixl4_y_kendall,wcpnetl4_y_kendall,fhgnnhomol4_y_kendall,2hg2cganl16_x_nrms,1hg2cganl16_x_nrms,pix2pixl16_x_nrms,wcpnetl16_x_nrms,fhgnnhomol16_x_nrms,2hg2cganl16_x_t_nrms,1hg2cganl16_x_t_nrms,pix2pixl16_x_t_nrms,wcpnetl16_x_t_nrms,fhgnnhomol16_x_t_nrms,2hg2cganl16_x_ssim,1hg2cganl16_x_ssim,pix2pixl16_x_ssim,wcpnetl16_x_ssim,fhgnnhomol16_x_ssim,2hg2cganl16_x_pearson,1hg2cganl16_x_pearson,pix2pixl16_x_pearson,wcpnetl16_x_pearson,fhgnnhomol16_x_pearson,2hg2cganl16_x_spearman,1hg2cganl16_x_spearman,pix2pixl16_x_spearman,wcpnetl16_x_spearman,fhgnnhomol16_x_spearman,2hg2cganl16_x_kendall,1hg2cganl16_x_kendall,pix2pixl16_x_kendall,wcpnetl16_x_kendall,fhgnnhomol16_x_kendall,2hg2cganl16_y_nrms,1hg2cganl16_y_nrms,pix2pixl16_y_nrms,wcpnetl16_y_nrms,fhgnnhomol16_y_nrms,2hg2cganl16_y_t_nrms,1hg2cganl16_y_t_nrms,pix2pixl16_y_t_nrms,wcpnetl16_y_t_nrms,fhgnnhomol16_y_t_nrms,2hg2cganl16_y_ssim,1hg2cganl16_y_ssim,pix2pixl16_y_ssim,wcpnetl16_y_ssim,fhgnnhomol16_y_ssim,2hg2cganl16_y_pearson,1hg2cganl16_y_pearson,pix2pixl16_y_pearson,wcpnetl16_y_pearson,fhgnnhomol16_y_pearson,2hg2cganl16_y_spearman,1hg2cganl16_y_spearman,pix2pixl16_y_spearman,wcpnetl16_y_spearman,fhgnnhomol16_y_spearman,2hg2cganl16_y_kendall,1hg2cganl16_y_kendall,pix2pixl16_y_kendall,wcpnetl16_y_kendall,fhgnnhomol16_y_kendall
,nrms,,,,,t_nrms,,,,,ssim,,,,,pearson,,,,,spearman,,,,,kendall,,,,,l4_x_nrms,,,,,l4_x_t_nrms,,,,,l4_x_ssim,,,,,l4_x_pearson,,,,,l4_x_spearman,,,,,l4_x_kendall,,,,,l4_y_nrms,,,,,l4_y_t_nrms,,,,,l4_y_ssim,,,,,l4_y_pearson,,,,,l4_y_spearman,,,,,l4_y_kendall,,,,,l16_x_nrms,,,,,l16_x_t_nrms,,,,,l16_x_ssim,,,,,l16_x_pearson,,,,,l16_x_spearman,,,,,l16_x_kendall,,,,,l16_y_nrms,,,,,l16_y_t_nrms,,,,,l16_y_ssim,,,,,l16_y_pearson,,,,,l16_y_spearman,,,,,l16_y_kendall,,,,
fhgnnhomo,2hg2cgan,1hg2cgan,pix2pix,wcpnet,fhgnnhomo,2hg2cgan,1hg2cgan,pix2pix,wcpnet,fhgnnhomo,2hg2cgan,1hg2cgan,pix2pix,wcpnet,fhgnnhomo,2hg2cgan,1hg2cgan,pix2pix,wcpnet,fhgnnhomo,2hg2cgan,1hg2cgan,pix2pix,wcpnet,fhgnnhomo,2hg2cgan,1hg2cgan,pix2pix,wcpnet,fhgnnhomo,2hg2cgan,1hg2cgan,pix2pix,wcpnet,fhgnnhomo,2hg2cgan,1hg2cgan,pix2pix,wcpnet,fhgnnhomo,2hg2cgan,1hg2cgan,pix2pix,wcpnet,fhgnnhomo,2hg2cgan,1hg2cgan,pix2pix,wcpnet,fhgnnhomo,2hg2cgan,1hg2cgan,pix2pix,wcpnet,fhgnnhomo,2hg2cgan,1hg2cgan,pix2pix,wcpnet,fhgnnhomo,2hg2cgan,1hg2cgan,pix2pix,wcpnet,fhgnnhomo,2hg2cgan,1hg2cgan,pix2pix,wcpnet,fhgnnhomo,2hg2cgan,1hg2cgan,pix2pix,wcpnet,fhgnnhomo,2hg2cgan,1hg2cgan,pix2pix,wcpnet,fhgnnhomo,2hg2cgan,1hg2cgan,pix2pix,wcpnet,fhgnnhomo,2hg2cgan,1hg2cgan,pix2pix,wcpnet,fhgnnhomo,2hg2cgan,1hg2cgan,pix2pix,wcpnet,fhgnnhomo,2hg2cgan,1hg2cgan,pix2pix,wcpnet,fhgnnhomo,2hg2cgan,1hg2cgan,pix2pix,wcpnet,fhgnnhomo,2hg2cgan,1hg2cgan,pix2pix,wcpnet,fhgnnhomo,2hg2cgan,1hg2cgan,pix2pix,wcpnet,fhgnnhomo,2hg2cgan,1hg2cgan,pix2pix,wcpnet,fhgnnhomo,2hg2cgan,1hg2cgan,pix2pix,wcpnet,fhgnnhomo,2hg2cgan,1hg2cgan,pix2pix,wcpnet,fhgnnhomo,2hg2cgan,1hg2cgan,pix2pix,wcpnet,fhgnnhomo,2hg2cgan,1hg2cgan,pix2pix,wcpnet,fhgnnhomo,2hg2cgan,1hg2cgan,pix2pix,wcpnet,fhgnnhomo,2hg2cgan,1hg2cgan,pix2pix,wcpnet,fhgnnhomo
mcml,0.0350852317060343,0.0365674885688349,0.0403623580932617,0.1889801025390625,0.1239264215109869,0.0564713457133621,0.0568734917324036,0.0696449279785156,0.2971706390380859,0.2801402837503701,0.8815485351945411,0.8703124867163021,0.8589752460180938,0.2108581028728778,0.5155298857975223,0.761613164797658,0.7745900302583361,0.7422917014884903,0.4328635710221986,0.4751143285759784,0.6210191409035649,0.6198093202516858,0.597584244196147,0.4891477429846838,0.4840902925163168,0.5416106278053318,0.5394348337882969,0.5192196998731009,0.3642005457344159,0.4091165792339246,0.0591972507536411,0.0626825224608182,0.07159423828125,0.236572265625,0.2444032505154609,0.0670051239430904,0.0759011730551719,0.097015380859375,0.42822265625,0.558826819062233,0.8629164008096061,0.8522106705119292,0.8366154828457197,0.2041899608594131,0.27047170819772,0.9834240881967335,0.981088528370468,0.9774480203474089,0.6859346425612389,0.7110601476530205,0.9699737255910076,0.9678909203534436,0.965767870251622,0.7307144196432471,0.6990931307889519,0.8664425424151203,0.8605673020101827,0.8530337055204354,0.5295587828588192,0.5801014180596491,0.0651301853358745,0.0665353722870349,0.072052001953125,0.2401123046875,0.2282927334308624,0.0794946551322937,0.087163720279932,0.106781005859375,0.4697265625,0.4500521123409271,0.8543418195923088,0.8449476546518606,0.8458252332345642,0.1843946580553592,0.3373044066576729,0.9797709079112784,0.9788830194105864,0.9766804684568664,0.6779129375265347,0.7495190128933209,0.9656025198695956,0.965089204230524,0.9658222425561848,0.7282064789208089,0.7287668922527463,0.8550325268416024,0.8533614699166523,0.8527947874885293,0.525802536644842,0.6027540123015036,0.0079717859625816,0.0085002821870148,0.0084953308105468,0.2549896240234375,0.0109846880659461,0.0406032223254442,0.0324335265904665,0.0382461547851562,0.254119873046875,0.0577831398695707,0.9124209201871925,0.8927656079071067,0.8934070210497415,0.1454898966598397,0.7459901566578396,0.5367432799648979,0.5610496822994626,0.539851633799367,0.1455686641642786,0.2089540756894614,0.2665819216252875,0.2601986833373483,0.2528292811506336,0.2315635031163113,0.2418801250289597,0.2162479202987609,0.2111794669037258,0.2047335631057075,0.1865908649752508,0.2155784863640709,0.0080417047720402,0.0085517773404717,0.009307861328125,0.0242462158203125,0.0120250140316784,0.03878238145262,0.031995547004044,0.0365371704101562,0.0366134643554687,0.0538990637287497,0.8965150001890572,0.8913260137943115,0.86005324694235,0.3093578959168991,0.7083532716768566,0.5465143831177223,0.5773388909528272,0.4751866833503194,0.2220380398367422,0.230924078068111,0.281918396528369,0.2860584730854271,0.2059175828261478,0.2661065702583676,0.2666210219946095,0.2287195216658433,0.2326310963226267,0.1663167433777313,0.2148499984587517,0.2380324002104749
ch_intrinsics,0.0044918760686414,0.0042204240016872,0.0072495937347412,0.0232133865356445,0.0242150333215249,0.021732550667366,0.0206814940029289,0.0288166999816894,0.1129136085510253,0.1078113785770256,0.9215362023712866,0.9409443888449338,0.8863285641150649,0.4830224975039027,0.4998385621374717,0.5001812390673921,0.4996892594005129,0.4716712318061439,0.0625124844751605,0.3661878282271298,0.108558286558351,0.105348919661117,0.1060871516634929,0.0833313925670936,0.1681982395417457,0.0888600404779966,0.0871279133626613,0.0869907158187263,0.0673401057292374,0.1679222280449753,0.0045306833926588,0.0045272479765117,0.0097007751464843,0.0323410034179687,0.0434600543230772,0.0353512484580278,0.0344885326921939,0.0549163818359375,0.25164794921875,0.2154217883944511,0.9943579699142312,0.9951461298419756,0.907780824067435,0.3386616861208587,0.0768491091286511,0.9852499260935226,0.9844813615837424,0.9372046551971132,0.0968421745225872,0.6082083858103526,0.2197911924103344,0.2183936027247695,0.2084180663296966,0.1574072194787475,0.3607199592825224,0.1801645118911837,0.1794414492456589,0.170731080703511,0.1283318690115613,0.3587235512294831,0.0044619836844503,0.0041714552789926,0.0090522766113281,0.0300979614257812,0.0459908638149499,0.0354098659008741,0.0332005433738231,0.04376220703125,0.18536376953125,0.2019126489758491,0.9932633939168364,0.9936171358651978,0.9087733243855136,0.3607909783056768,0.0622165743533764,0.977991615996322,0.981403992788262,0.9197532554540192,0.1462763441633653,0.6359363096475006,0.2062228902249821,0.2127648053300341,0.2008487895323644,0.1548527277532397,0.2091923319199101,0.1693913060847582,0.1760747838387255,0.1643600764830734,0.1261619406709283,0.2081696434487386,0.0057168235071003,0.0049582454375922,0.0059051513671875,0.0146217346191406,0.0041958030778914,0.0098521742038428,0.0089163524098694,0.0096778869628906,0.0054092407226562,0.0079309693537652,0.8023699303106318,0.8675310990501077,0.8226707309356335,0.7028760982890586,0.9232840839512116,0.0080020660673194,0.0023095740791025,-0.0044441384734049,0.0053236582239135,-0.0034263376081112,0.0023956418323614,-0.0049804492304692,-0.0039365062595592,0.0075801223065921,-0.0110141380728968,0.0016246622212013,-0.0033961745522375,-0.0026327476088966,0.005034809894387,-0.008980536032889,0.0032580136903561,0.0032247473136521,0.0043401718139648,0.0157928466796875,0.0032134120701812,0.0063169141067191,0.0061205475358292,0.0069103240966796,0.0092334747314453,0.0059801075840368,0.896153515343447,0.907483190622454,0.9060893770716774,0.5297612273000167,0.9370044811166476,0.0294813481124043,0.0305621091509444,0.0341711550468484,0.0016077609907759,0.2240329550587774,0.005823421765726,-0.004782280179866,0.0190182570514701,0.0134855007297948,0.1138948050374472,0.0042596817148431,-0.0036084050815017,0.0155044536972175,0.009831803340073,0.1137762535345687
stereovision2,0.0277373744174838,0.0284422669792547,0.032729148864746,0.0805854797363281,0.1421814481727779,0.0463708864990621,0.0436055797617882,0.0628547668457031,0.1072959899902343,0.3554331073537469,0.8914018863961262,0.8798166342327254,0.8649256274324193,0.3699022208046612,0.5017623050733857,0.9409458052265658,0.939350649166408,0.9274655729403218,0.7725264573242022,0.5707693469518489,0.7472729571690131,0.7458357353032554,0.7282227010732623,0.665256879862518,0.5478242928521957,0.6420444092145564,0.6403745895562402,0.6217266197030157,0.5426003634373787,0.4878576744733219,0.0408698543906211,0.0407293252646923,0.0491485595703125,0.12646484375,0.2631537318229675,0.0585881788283586,0.0652788281440734,0.08160400390625,0.166259765625,0.6429893374443054,0.8905308636416474,0.8785327228392945,0.8492352613322939,0.4766449817545167,0.1806821031332515,0.993138347563485,0.992749720252054,0.9894831198347328,0.9276876638800686,0.6802201651671054,0.9038917467693304,0.9000133600162428,0.8991666843531008,0.839711560245472,0.5918547178548559,0.8000987019053787,0.7941783315680155,0.7894872344450161,0.6921862859962365,0.5123309784473393,0.0455320570617914,0.0468670036643743,0.0543975830078125,0.13397216796875,0.2612210065126419,0.0622584354132413,0.0535598583519458,0.094940185546875,0.17364501953125,0.5505789220333099,0.8772127502901969,0.8620833027528464,0.8460589219092935,0.4298381134482031,0.1974197791950872,0.9912746089071822,0.9907286262917548,0.987093405019653,0.919604383462679,0.6885740562581985,0.9126834036639676,0.9156258319665412,0.911068978885436,0.8370715297211027,0.58824013564304,0.8069580446570954,0.8098312759379542,0.7995052191756695,0.6855916648350829,0.505870879885116,0.0120361931622028,0.0131261707283556,0.014739990234375,0.036468505859375,0.0235011409968137,0.0316654993221163,0.0276452917605638,0.036865234375,0.036041259765625,0.1156160198152065,0.9014519863654088,0.892333639279064,0.8781525052133302,0.256393848405421,0.8046951222395411,0.9044247706487776,0.9004660850811772,0.8743878113826664,0.6303817840256344,0.4519965974527113,0.5900847438928805,0.5942484025647897,0.5843311644901339,0.4549773056790205,0.498750625349084,0.4841392585929334,0.4880450659011637,0.4764759588490518,0.3635050926853078,0.4594573856270927,0.0125113930553197,0.0130465682595968,0.0126304626464843,0.0254364013671875,0.0208499133586883,0.0329714324325323,0.0279383407905697,0.0380096435546875,0.0532379150390625,0.1125481501221656,0.8964119452872514,0.8863168720596962,0.8862558212747597,0.3167319396105042,0.8242522157256629,0.8749454937868185,0.8734581650406456,0.8588979555242351,0.6124319979284268,0.4622865689293802,0.5824319343498743,0.5734553466654482,0.5183239765643783,0.529267123804477,0.5124516925618026,0.476981631702818,0.4694436848178269,0.421438066342325,0.4291184102328876,0.4737714539337399
stereovision3,0.0042788920982275,0.0039739282510709,0.0068769454956054,0.0189647674560546,0.0219664991018362,0.014742070925422,0.0149778081104159,0.0168962478637695,0.055154800415039,0.0702008074149489,0.8963079991139966,0.91873320684766,0.8672471283438189,0.5394700109355226,0.4968159954277027,0.4683508392448581,0.4707257752475724,0.3338253145985153,0.0256029743521612,0.282320172473129,0.0952227979784134,0.1118635022367164,0.0865728132511334,0.0731780936401515,0.1097754419665625,0.0786124668403508,0.0923156588632683,0.0706719980308984,0.0594075572514593,0.1088134245403116,0.002423666534014,0.00251212681178,0.0076808929443359,0.0232009887695312,0.0375219080597162,0.0210538432002067,0.0224912585690617,0.0246429443359375,0.126373291015625,0.1332070603966713,0.995399328669019,0.9942624385487934,0.9015420358182522,0.3462698550593407,0.081438686379057,0.9439353147912136,0.9414441273483112,0.6749636367534939,-0.039183541314576,0.6211321585653864,0.1692083425183649,0.1669237857142008,0.1295399122270906,0.0937175485945562,0.3038670045841179,0.1384825817349213,0.1369504232943879,0.1059022135362271,0.0764149345964008,0.3029666360320293,0.0032247537747025,0.0029220865108072,0.0080795288085937,0.0238494873046875,0.0417230557650327,0.0180420633405447,0.0188658731058239,0.02392578125,0.083709716796875,0.1313732117414474,0.992135726189748,0.9938289236975146,0.9074439030021502,0.3827017265230426,0.0808477448333316,0.9328143811095456,0.9391069481405718,0.6597607575448365,0.1344190592479543,0.5017923692846115,0.2264483954645337,0.2806111619504675,0.2147985189781633,0.1951195822750135,0.1232690826519973,0.1860247102529807,0.2323227400903731,0.1754138619170394,0.1586676148390388,0.122521997864142,0.005656108027324,0.0049408392515033,0.0059471130371093,0.0147056579589843,0.0041872248984873,0.0098097566515207,0.0088815824128687,0.00970458984375,0.0059871673583984,0.0079282545484602,0.8055811343983404,0.8682822445585214,0.8214408877483141,0.7009495900520357,0.9213259873595874,0.0058571915555987,0.0009315289432979,0.004704459569025,0.0023322739612463,0.0018302466305126,-0.0047126685132795,-0.0035353761712765,0.0037332310180002,0.0008151740742711,0.0060453064823797,-0.0032272237838773,-0.0024011066867034,0.0025190260575078,0.000532533960784,0.0049328058869034,0.0058110400568693,0.0055206604301929,0.0058002471923828,0.0141029357910156,0.0044338076841086,0.0100626205094158,0.0096725183539092,0.0093116760253906,0.0045490264892578,0.0082947029732167,0.7921158071988791,0.8185592205858109,0.838561686806559,0.7279588721076714,0.9036515631388348,-0.0092035304769253,0.0014204965581085,-0.0041275954732942,0.0048441055140202,0.0045259154120055,-0.0100528775559652,0.0034544374534742,-0.0017804092187206,0.0030600696167654,0.005920374147755,-0.0068302008426213,0.0023905787550156,-0.0011471093871806,0.0020151456096135,0.0048322583781716
mkSMAdapter4B,0.0085719729249831,0.0077662609692197,0.0090001821517944,0.0463371276855468,0.030185325507773,0.0401149361860007,0.0324318878119811,0.0402517318725585,0.3033509254455566,0.1590325062570627,0.9690524948683918,0.9689037890865042,0.9572825844707832,0.3725297427513588,0.5436806148147167,0.5235897733448177,0.5313211030765652,0.530254715731823,0.1251476898273955,0.4813030844473638,0.2696421220063509,0.2859458254898649,0.2808143748028138,0.1500156860664572,0.2222663384496921,0.2228652146058463,0.2371502682045297,0.2318554086501913,0.1200629086711208,0.2177715290444211,0.0118410531431436,0.0107904337346553,0.0130348205566406,0.071441650390625,0.0539419800043106,0.06632692925632,0.0525336693972349,0.06396484375,0.58837890625,0.313802033662796,0.9596951115797032,0.9614415446732336,0.9347461902116468,0.4194184246619532,0.1291037618745677,0.990746389002396,0.990960961923455,0.9852797864173826,0.2125437607543101,0.7968858553702967,0.3916381968810126,0.4140630346273654,0.3942111292717389,0.2521616432188565,0.3285986955650507,0.3221874665692232,0.340768133009747,0.3249656382687921,0.2039155545266777,0.3216649858162407,0.0189883718267083,0.0163091686554253,0.0188446044921875,0.0780029296875,0.0611175559461116,0.0765647962689399,0.0604872461408376,0.079833984375,0.60498046875,0.3064668923616409,0.9301846608680616,0.9375731303188644,0.912193594002912,0.4242797430441295,0.1311467773182189,0.9763084506669392,0.9813870352446686,0.9757017646554144,0.2806906688647707,0.7264286696037099,0.6430404194780623,0.6498835320461087,0.6450251365867058,0.3177717387695851,0.2159178828019721,0.5330601243721458,0.5419225994163785,0.5339325571427604,0.2517425788818938,0.2063046409316169,0.001343427109532,0.0017535376828163,0.0017485618591308,0.018463134765625,0.0027735139010474,0.0050209956243634,0.004450349137187,0.0049285888671875,0.0142936706542968,0.0045386463170871,0.9968245043846042,0.9884497238159404,0.9935624765928508,0.2950445119639264,0.951175466004646,-0.009071381244263,0.0251903509121157,-0.0055735165627539,0.0018260775646947,0.2351768369302909,-0.0082989835529699,0.0134839559724596,-0.0021177003617214,0.0070321670627635,0.2040821568253306,-0.0068109959291118,0.0111321259348998,-0.0017294988813465,0.0057496551274448,0.2033945181567065,0.0021150396205484,0.0022119038039818,0.0023727416992187,0.0174407958984375,0.0029082521796226,0.0125470235943794,0.0122562865726649,0.0122795104980468,0.0057506561279296,0.011322452686727,0.9895057026411986,0.988150757537978,0.9886280770757224,0.3513762913354262,0.9632964540614344,0.1363756349541987,0.1277460642260217,0.1656108284172491,0.0055302521258063,0.166720975885158,0.0521888552192986,0.0663527793135262,0.0861389337145318,0.0230971952146239,0.140466618606415,0.043024263411128,0.0547782144570936,0.0702529380705595,0.0188438461484669,0.1397219712731205
or1200,0.0117653861816506,0.0113884334568865,0.0165302753448486,0.0742530822753906,0.0439309881767258,0.0461280231829732,0.0425252047134563,0.0923538208007812,0.4773154258728027,0.2570764477713965,0.9455685548060822,0.9417158662235968,0.9227340624377622,0.3954506351545247,0.5566554780471165,0.6287092420758981,0.6282739833685267,0.6370840280963845,0.1200798882286973,0.5282226819820051,0.367267633199538,0.3651746091466308,0.3635948267305675,0.1284299726997035,0.2417283369473591,0.3037304702741614,0.3019574696145652,0.2998463521683687,0.1001031177762289,0.2342028151112149,0.0185341462492942,0.0181521568447351,0.0286941528320312,0.1318359375,0.0835186243057251,0.0797603689134121,0.0708322897553443,0.1630859375,0.946533203125,0.5221394747495651,0.9267416670658164,0.9189611654430808,0.8863712929488801,0.4436613296419367,0.1510189738245858,0.9910574630697542,0.991093876909207,0.982641273333481,0.1886308328588911,0.8010928228225194,0.5421825443321097,0.5244344521343796,0.5236581210186704,0.1420589223075007,0.325939257554232,0.4473314784236545,0.4321531786900083,0.4320561149755791,0.1126360111581202,0.3142298603687913,0.0227808151394128,0.0211726147681474,0.0302581787109375,0.12945556640625,0.0857351347804069,0.0734122171998024,0.0688876900821924,0.17352294921875,0.94189453125,0.476493239402771,0.8876823286004492,0.8878728020230149,0.848252886599689,0.4549342171902466,0.1653464784883503,0.9853923307306354,0.9870355389337192,0.976497498240533,0.287143028941897,0.7824152413891924,0.709801149599665,0.7169486245661034,0.7251218869024509,0.3642469516076003,0.2349303582707887,0.589623799933744,0.5957692583829107,0.5999294739730723,0.281885934617066,0.2201661150124111,0.0024750474840402,0.0027886080788448,0.0028657913208007,0.018402099609375,0.0030097885755822,0.0132085192017257,0.0118172098882496,0.011962890625,0.0110397338867187,0.0113595786970108,0.9888915938946692,0.9818806179935048,0.9855133107723456,0.3094607918393477,0.9523777338212872,0.2216638592779858,0.2415499655615606,0.3362140501811284,-0.0097461480779809,0.2835205453403109,0.0563064794592871,0.07771202964907,0.1005760278135346,-0.0446928886654219,0.1904324202230954,0.0462003830358652,0.0638700232828201,0.0821566650982787,-0.0364592748625276,0.188856816839082,0.0032715358538553,0.0034403541358187,0.004302978515625,0.0173187255859375,0.0034604050451889,0.0181309874169528,0.0185636291280388,0.020843505859375,0.0097942352294921,0.0183134982362389,0.978958629663394,0.9781488794347862,0.9707987594301344,0.3737462019465679,0.9578787260542424,0.3167233152252167,0.2934165520696199,0.2529832906303955,0.014291839191982,0.2458621183759979,0.16078035940709,0.1416033302369704,0.1050232711876139,0.0521069055491348,0.21561131174132,0.1317662197033817,0.1160374181025218,0.0852431546265447,0.0423498001922573,0.2135584682245752
stereovision1,0.0134193733683787,0.0128052393556572,0.016756534576416,0.05987548828125,0.056455893733073,0.0388039858080446,0.0368399012368172,0.051706314086914,0.1602020263671875,0.2088616760447621,0.9593544998347748,0.9576107419324292,0.9398617627395484,0.4822507267224397,0.5378272469454011,0.8584638262493807,0.8488393494478479,0.7833939412538311,0.4398210940051471,0.6302061180214479,0.4751905974964439,0.4706353009481016,0.4277906856544777,0.3249665022690996,0.5126646042152446,0.3963181714996366,0.3929978370942877,0.3564611342369115,0.2616109128133876,0.4920283631385947,0.0207128524780273,0.0197423482313752,0.0264205932617187,0.0985107421875,0.1067235209047794,0.0471613723784685,0.0427363514900207,0.067840576171875,0.27001953125,0.3802261352539062,0.951465776114387,0.9531173449080614,0.9208096888294116,0.6676506908990298,0.1408622392219267,0.9924226584085868,0.992716809872265,0.9873769747755452,0.7973723814062843,0.7607449258603042,0.622264223902663,0.6201890723803367,0.6133720974374843,0.4775150387554845,0.5540543108281106,0.5225787086051252,0.5209571363885998,0.5154843113641776,0.3841767315538217,0.5253543018277824,0.0238958075642585,0.0221661273390054,0.02972412109375,0.101959228515625,0.107094407081604,0.0528798755258321,0.0483600292354822,0.069854736328125,0.3094482421875,0.3811383545398712,0.9373301325332783,0.9356272283901962,0.9111878770877062,0.6083601919044721,0.1513310140244745,0.9900400813290376,0.991241705519633,0.9843705209471644,0.7917291439215801,0.7713651365938563,0.6840097668728633,0.6869696363891307,0.6923166399101242,0.5510342569816795,0.4972965121593335,0.575605813597042,0.579232517458596,0.5812002227345329,0.442487736958869,0.4662085099039994,0.0040757278911769,0.0042897723615169,0.0047626495361328,0.0211868286132812,0.0055127716623246,0.025702872313559,0.026660424657166,0.0287246704101562,0.0261764526367187,0.0330705437809228,0.978521640819228,0.9731390768573492,0.9695336394681746,0.2753056513993073,0.9282391812468138,0.7197836206742414,0.6827945533330082,0.6135843672451476,0.032965463795732,0.49948457885341,0.2788083429063192,0.2828381367591768,0.2293840541399496,0.0448073758062384,0.5349330045267957,0.2283894492705227,0.2318132274530602,0.1861980606521028,0.0360995849463445,0.5232601712601608,0.004993105540052,0.0050227094907313,0.0061187744140625,0.0178451538085937,0.0064928752835839,0.0294718230143189,0.0296027995645999,0.0404052734375,0.0351638793945312,0.0410116706043481,0.970100449872206,0.9685593175741092,0.9579158455729015,0.3776863726869496,0.9308765532883888,0.7316089445856566,0.7286043290664856,0.5482439020474674,0.1372173868969919,0.4892298307782214,0.3156800563039298,0.2925443582637623,0.1760899511303529,0.226509337532996,0.4643745893467385,0.2586987145258566,0.2399884670768948,0.1429619421968331,0.1836795977945154,0.4532904695624364
diffeq1,0.006444208745961,0.0065945980459218,0.0087672472000122,0.0290737152099609,0.0256233745603822,0.0284841677639633,0.0284963616577442,0.0372171401977539,0.1539983749389648,0.1447530065488536,0.953149507335382,0.9580870031538596,0.9258145572242612,0.4114369619661852,0.5349361026377901,0.5107032983254837,0.5341826422754642,0.4852405693860866,0.1168775461675137,0.305000561844308,0.2561586890907363,0.2590969742422235,0.2152690902149221,0.1268623399903417,0.1246928668011508,0.2111165888525464,0.2138281529730651,0.1758719082482895,0.1018920140442019,0.1226815176717693,0.0073622553609311,0.0077037143055349,0.0106887817382812,0.03924560546875,0.0453473962843418,0.0446522030979394,0.0458600278943777,0.059112548828125,0.309814453125,0.2724806517362594,0.9735586835550496,0.9708516134274034,0.9201469597698522,0.3859507210424867,0.1160908412150341,0.9798011630014404,0.9784659802723352,0.9585169734536658,0.1738247757889843,0.5771376881331904,0.3879162124410963,0.3824515425609973,0.2942820495984744,0.1680330252832146,0.2238821023475091,0.3182679531025818,0.3138682974223077,0.2406093892992102,0.1356779646874817,0.220328734847006,0.0133728864602744,0.0137520120479166,0.0182571411132812,0.0433349609375,0.0517362672835588,0.0505859050899744,0.0512068271636962,0.07147216796875,0.289306640625,0.2902913987636566,0.9465391127601892,0.9408034829243124,0.8864106759766186,0.4095134721284753,0.1131543957038755,0.955798107767169,0.9532625070977024,0.9203874935096596,0.2967483229685662,0.4249684480023659,0.575471190451454,0.5717257054387433,0.54210145573835,0.3364611754655859,0.1020078447134602,0.4757350170637884,0.473345557100942,0.4427875661681391,0.2688401238212306,0.0987287763761553,0.0034363384475,0.0032564379507675,0.0036883354187011,0.0163421630859375,0.0032249696087092,0.0069824680685997,0.006322891335003,0.0068511962890625,0.0098533630371093,0.0058814525837078,0.8981029374969963,0.927112992956045,0.9108464630664564,0.5074759143067259,0.940511299756242,0.0324061722638011,0.0565507989464013,0.023200818394153,-0.0056758959473405,0.1076836250927475,0.0067790552921464,0.0110358156630408,0.005176613049872,-0.0085815245406245,0.0868569935973554,0.0054179118965738,0.008894696999827,0.0042008898986896,-0.0063741981993143,0.0858444034408721,0.0016053547151386,0.0016662278794683,0.0024347305297851,0.0173721313476562,0.0021848650649189,0.0117160947993397,0.0105957002379,0.0114326477050781,0.00701904296875,0.0103585231117904,0.9943972955292926,0.993579923307678,0.985854130084117,0.3428077403870528,0.9699878738760084,0.0748077502695243,0.1484512827854178,0.0388569921868679,0.0026129818598451,0.1102124861489283,0.0544682981782484,0.0711748333061123,0.019516242472992,0.0115366837531907,0.0860245265462784,0.0450454733472419,0.0592040603691835,0.0158897876271193,0.0094241658674097,0.085824156023044
sha,0.0055728890438331,0.0059783739852719,0.0108368396759033,0.0501708984375,0.0285917866567615,0.0298134184558875,0.0308715855935588,0.0685944557189941,0.281961441040039,0.1523196214111521,0.9887281117246988,0.9841028441222236,0.9584341511291588,0.3321957953824093,0.5348342028295685,0.5957941653395252,0.5718062165919646,0.4990386102183776,0.0827958637077581,0.5639489505500572,0.2378919161652987,0.2297447575355788,0.1846569405382308,0.0439571531380768,0.3452131342790197,0.1963115754434116,0.190144569993406,0.1514296620620719,0.0359383518553228,0.3415916738390068,0.0090348008088767,0.0094452006742358,0.0183868408203125,0.07806396484375,0.053865598514676,0.0507805310189724,0.0497387237846851,0.123687744140625,0.5521240234375,0.3074138164520263,0.9881486388935026,0.983458646361132,0.9335988152072509,0.3589617872543352,0.0994460729569712,0.9915634277256776,0.9906256537383068,0.976123722456682,0.1680687926537137,0.7965441282532465,0.3207322442903246,0.3034599127548512,0.2570650052655979,0.053182898508934,0.4686267238879276,0.263872531709543,0.2497222415792014,0.2108094832370041,0.0435384618410086,0.4633520471008094,0.0103792180307209,0.0110643557272851,0.01995849609375,0.081878662109375,0.0550145618617534,0.0504009071737527,0.0554474145174026,0.12799072265625,0.5513916015625,0.2850656360387802,0.9747868724957256,0.9717488222437876,0.9257569313719736,0.3781774364562382,0.1223376102393127,0.9889760777955524,0.9876560664056048,0.9671301783275924,0.1710833169843976,0.8043224207802157,0.4909768775371324,0.4979302780246897,0.4477879018921212,0.1231137858609892,0.31038949118862,0.4056256967453618,0.4133594759843364,0.3673166467723101,0.1005650314288717,0.3031389049382901,0.0011938300449401,0.0016544365789741,0.0022907257080078,0.0184402465820312,0.0027717482298612,0.0060177375562489,0.0066162901930511,0.0078487396240234,0.012969970703125,0.0061730104498565,0.9976196571667968,0.9876184919806488,0.9902198027886472,0.3018990992897015,0.952021388695429,0.156218211020269,0.0615801217961618,0.0617583655803091,-0.0004313990249935,0.3190766391856846,0.0392446231525,0.0179417242783416,0.0208076255327921,-0.0005169071322168,0.3147058115198675,0.0324996105308271,0.0148801628172141,0.0169981599347176,-0.0004190260979129,0.3138125686707025,0.0016837072907947,0.0017495029605925,0.0027112960815429,0.0223007202148437,0.0027152380207553,0.0120544980745762,0.0116839138790965,0.0148506164550781,0.0113601684570312,0.0106260227039456,0.9943572783427704,0.9935854159033256,0.9841610551487632,0.2897448585293622,0.965531739426561,0.2464189448166016,0.2473630244277846,-0.0088578254910729,-0.0075372557820854,0.3358526139810822,0.1006139196812377,0.0996471150844326,0.0129672294624118,4.883531460091878e-05,0.2871305105196637,0.0832484627879143,0.082616399592872,0.0105943583042558,6.894024932391392e-05,0.286063174646225
boundtop,0.0082019870897056,0.0076135157723911,0.0088292360305786,0.0430221557617187,0.0325728572206571,0.0319113199948333,0.0304984415997751,0.0368437767028808,0.2212133407592773,0.1496531315497122,0.950665332244492,0.9603401749576668,0.941078590810532,0.4522079403354742,0.538013470327945,0.4962330102573906,0.5040356848173142,0.5053782909726642,0.2083366016408006,0.4575518154173808,0.2607180294242622,0.2726398248542155,0.2566279253634679,0.194042983243738,0.2534406948880263,0.2155088264728593,0.226167801537109,0.2121109917702947,0.1566831051590657,0.2480454404530316,0.0106183756142854,0.0103241121396422,0.0130462646484375,0.0637054443359375,0.0599488709121942,0.049549663439393,0.0461476258933544,0.0580291748046875,0.434814453125,0.2961263358592987,0.9709036328910668,0.9754364852991492,0.944574391627041,0.5143834616649996,0.120243746246772,0.9880680852863866,0.9878341475623172,0.98232534001484,0.3663053988967205,0.7681988500722592,0.4180062568127936,0.4216833792565082,0.4058919487611096,0.3034196390300602,0.4269097067442111,0.3449128805062581,0.3484498400655456,0.3353607739532999,0.2461075866439761,0.4177002185842422,0.0163201563991606,0.014380045235157,0.01605224609375,0.064697265625,0.0633032917976379,0.0543312411755323,0.0528380181640386,0.0659942626953125,0.4208984375,0.2823199778795242,0.9446093966004064,0.95340524466012,0.9239480758989748,0.5258940927537491,0.139022997662065,0.9756517045305044,0.9791618028087888,0.9752359318934768,0.4403434263516698,0.7308919595995516,0.5901151026789551,0.6112857007369994,0.5886404404316237,0.4123015766251235,0.2828511158319431,0.4889703974536689,0.5088291460614843,0.4867646930208992,0.3309093049378238,0.2719756531731471,0.0036850995966233,0.0035273400135338,0.0036730766296386,0.0262603759765625,0.003870562184602,0.0081992230843752,0.0075712709221988,0.0073719024658203,0.0230426788330078,0.0067380133550614,0.8980082763467576,0.9232515423240536,0.9091884043809548,0.4223033948415427,0.9326832321169868,-0.0259068660960011,-0.0035139204768977,0.0255735374077221,0.0115156549863082,0.1022128810729269,-0.0105827779754018,-0.0037510603521976,0.009058252289138,0.0016721468963864,0.0936503774930587,-0.0092310771575739,-0.0034027109852165,0.0075972145449544,0.0017387930302051,0.0934206571041233,0.0021843167487531,0.0022225657012313,0.0025453567504882,0.017425537109375,0.0031687039881944,0.0155651522800326,0.0154368514195084,0.0159797668457031,0.0060977935791015,0.0134281991049647,0.9891400231397368,0.9892674275473444,0.9866034913351582,0.3462508120816054,0.960103905285956,0.0471191173086727,0.0526607093750488,0.0383783545746179,0.015181926328504,0.2289035709247855,0.045333536180702,0.0613412797755523,0.0229210599720001,0.058778570423382,0.2103515794828922,0.0373831050890843,0.0507949310066227,0.0187212855620253,0.047976736024258,0.2090852329506139
bgm,0.0227083503850735,0.0229646117077209,0.0263996124267578,0.1648597717285156,0.0941070711705833,0.0447836033999919,0.0472347033210098,0.053445816040039,0.2849159240722656,0.1763697538990527,0.9249152008726717,0.915448657251903,0.9078883766126412,0.2249982179569848,0.5605008873067174,0.5653921700734947,0.5594993425854717,0.5498984211537403,0.377630066418365,0.483978647253951,0.4972177653106966,0.4896107750668542,0.4942587470325844,0.4502551508352164,0.4226463050278767,0.4308074146149051,0.4233679441760865,0.4270798063155397,0.336075013960866,0.3749576577547562,0.0377122443169355,0.0381155908107757,0.0453643798828125,0.218505859375,0.184754230082035,0.0550248194485902,0.0638300254940986,0.072357177734375,0.4534912109375,0.4345917403697967,0.9246978017651112,0.9154324187727638,0.9008783703293206,0.2676889283548147,0.2648687469756213,0.9917550661423096,0.9909003191461486,0.9878462824930654,0.640771072266932,0.7722327228123611,0.8757413366673712,0.8686574631026343,0.8761574820463376,0.7494192180893136,0.6500553717875277,0.7631096311591965,0.7538003772328328,0.7596868308976596,0.5513360978099957,0.568135250006044,0.0412013921886682,0.0405264887958765,0.04693603515625,0.218017578125,0.17617779225111,0.0596044510602951,0.0622345115989446,0.077178955078125,0.4715576171875,0.2166764065623283,0.9073244812107868,0.8962880479836404,0.895901160166489,0.2445788310165915,0.3079855196218319,0.9896540658675324,0.9895361888010048,0.9863612156639258,0.6504958482634553,0.7958925372731266,0.905238698691644,0.9017338140122992,0.9096025419668554,0.7377523677499829,0.6470558764790771,0.7920746992752647,0.787629070313261,0.7941475335548512,0.539065734247421,0.5585096972764942,0.0046354092191904,0.0054332863073796,0.0052547454833984,0.1906661987304687,0.0069702137261629,0.0220897831022739,0.0212365612387657,0.0213241577148437,0.1808929443359375,0.017723630182445,0.9583138333610016,0.9476920250043356,0.942040026706494,0.1259158277079735,0.8309253621000463,0.0910459733892288,0.0975257828204432,0.1044582296582577,0.0552396939541568,0.1435736064655444,0.0428971276468252,0.0558311480811327,0.0867691480416874,0.1152469745696266,0.1548750964687607,0.035003646204564,0.0454929500656563,0.0706295717236347,0.0939390586845706,0.147882152255207,0.0072843558155,0.0077830809168517,0.0080432891845703,0.0322494506835937,0.0085260486230254,0.0424153599888086,0.0416377149522304,0.0429229736328125,0.033721923828125,0.0364872384816408,0.9093246871537868,0.9023821372468724,0.8927339492482611,0.2618092847485594,0.8382239205293704,0.1891135748949078,0.1600350795742904,0.1209279567997123,0.1640136511889161,0.2242157224647723,0.164993898236946,0.1322206750713504,0.1045058160754572,0.1986020429319426,0.2385988753761416,0.1330416818205953,0.1065493790925956,0.0838552890860133,0.1599591651014767,0.2253035314812795
LU8PEEng,0.0178730422048829,0.0194180294056423,0.0218753814697265,0.0931015014648437,0.0915138189448043,0.0394993002992123,0.0424148377496749,0.0454483032226562,0.113865852355957,0.2884546713903546,0.948420798500862,0.9421184607067132,0.9327428809939792,0.3525509849920324,0.5283992292798056,0.8972142358244608,0.8871003452810936,0.8814371495966273,0.6125841588678735,0.6105097433727951,0.571112580104973,0.5665741075509592,0.5589098044125497,0.5335319410080872,0.5722122273483173,0.4818123260435971,0.4775812840187442,0.4706838421573203,0.4286233501820036,0.5294364123777817,0.0279514687135815,0.0311935069039464,0.0363922119140625,0.15985107421875,0.1760423704981804,0.040628008544445,0.0510410815477371,0.0611572265625,0.19842529296875,0.5188156217336655,0.942626564782258,0.93586906748419,0.9249211619448036,0.4720944195552716,0.1812596264531281,0.995144091515336,0.9939849010266798,0.9925504349469192,0.8269354216158298,0.7861039331601971,0.7613266070441498,0.7550544478672576,0.7596252987185278,0.6893598770653147,0.6769452981634896,0.6512558894406857,0.6439744444359699,0.6494204252392889,0.5515633266177442,0.6133965261947996,0.0316749848425388,0.0340612102299928,0.0374603271484375,0.1622314453125,0.171767771244049,0.0540875401347875,0.0576522313058376,0.061798095703125,0.21063232421875,0.5239703357219696,0.929617548813934,0.918223224415348,0.9105227777340628,0.4371269649862686,0.1852994402636609,0.9938173123050832,0.9928830750929596,0.9916033030393094,0.823029659378786,0.7994367044780699,0.7827715079253781,0.7820703555498014,0.7845105627248621,0.6821528223642772,0.6676407581466616,0.6711561540191835,0.6701927558948348,0.6710086837527157,0.5437701193928994,0.6023316501161433,0.0054123422596603,0.0056254260707646,0.0060653686523437,0.0267868041992187,0.0082979192957282,0.031689815223217,0.0297805611044168,0.025482177734375,0.0172882080078125,0.0502970274537801,0.9657725508073762,0.961649546628476,0.9539663899010128,0.2182981743798373,0.873541613145201,0.7855225819992977,0.7646125500181205,0.7795182791189947,0.3866935425501294,0.4274282292442489,0.3434665128365897,0.3492292969747286,0.3533559665827406,0.3636130847964592,0.4701423959210921,0.2803644552620734,0.2856978119188218,0.2877532112622614,0.2955943373967394,0.4498874177895948,0.006453373003751,0.0067919744178652,0.0075836181640625,0.0235366821289062,0.0099472147412598,0.0315918372943997,0.031185477040708,0.033355712890625,0.0291175842285156,0.0607357006520032,0.9556665295998804,0.9527320042988388,0.9415611943960374,0.2826843810467523,0.8734962372572328,0.8143729574781255,0.7969208549866144,0.762076581281286,0.4136780119267488,0.4290701066086644,0.3968856926137744,0.379942329812049,0.3381473896240682,0.3990019798062976,0.4741204571620262,0.3244728054524458,0.3104601238253502,0.274553048375015,0.3235656173206313,0.4521300554105892
LU32PEEng,0.0330659341998398,0.0351936341030523,0.0390911102294921,0.1430473327636718,0.2147073931992054,0.0506089336704462,0.0525447241961956,0.0460033416748046,0.2213783264160156,0.4671238660812378,0.8422851915414995,0.8299513381451967,0.8259667056646796,0.3707466748359868,0.4450312029820634,0.9738059199319192,0.9717121373643328,0.9681299444077563,0.8791062289068148,0.4876389593031646,0.8640258220580507,0.856208949462574,0.8469312257241819,0.8220103058668706,0.4994038289522847,0.7558213468642809,0.746954932019966,0.7351389699100921,0.6717314861633055,0.3928429520112336,0.0518623273819685,0.0543543808162212,0.0623779296875,0.20068359375,0.3914588987827301,0.0677932649850845,0.0671778749674558,0.058349609375,0.19189453125,0.760609894990921,0.8447208763390228,0.8319028623902336,0.8221157647899142,0.1985342671511048,0.2537316233374941,0.9927630178691056,0.992139367278722,0.9904909532443372,0.8991411916709846,0.6363306470973711,0.9766032938188411,0.9757014930310008,0.974699221250176,0.8901801874652913,0.5760705578899268,0.8845836109989953,0.881571434494709,0.8765812722562518,0.7166136148715777,0.4313071793421553,0.0526722818613052,0.0577455442398786,0.0640869140625,0.19677734375,0.3762602210044861,0.0789588466286659,0.0849140100181102,0.05828857421875,0.17724609375,0.737413614988327,0.8374726211690986,0.8173263659755219,0.813252953005887,0.1987329646186015,0.2919521182712969,0.992332223454616,0.9908832657650428,0.9894076372511766,0.8994721284141546,0.6551656240823795,0.9772476812031858,0.9756386956379132,0.973791273407268,0.8923039210248043,0.5990826669105098,0.8852331433964703,0.8792830323469634,0.8731643064861729,0.7216149561350487,0.4497644612949489,0.0135448416694998,0.0141081372275948,0.0146865844726562,0.151214599609375,0.0459845885634422,0.026941280812025,0.0310226147994399,0.0377273559570312,0.46112060546875,0.1890842542052269,0.8659576588710513,0.8479744640790432,0.8463981298520036,0.5145567834471502,0.6187905347031296,0.9557600116475198,0.9518028183151552,0.9475028243230772,0.8391638781413209,0.3266443156100106,0.7597375252276473,0.74204798938984,0.7335044133291839,0.7460448652953798,0.4049829857740857,0.6353737181110051,0.618773010924248,0.6091255167565255,0.6185633099577315,0.3409538424766937,0.0141842858865857,0.0145664741285145,0.0152130126953125,0.0235137939453125,0.0451258644461631,0.0287423422560095,0.0270643969997763,0.0296478271484375,0.0552520751953125,0.1813877001404762,0.8209896097868257,0.8226016601359882,0.8220999750109135,0.5711626841270906,0.6156505356163329,0.954368426756435,0.9520230980984112,0.9451183628124348,0.878647717400799,0.3324152504228972,0.7425147879825286,0.731447619791542,0.7057299949100997,0.7595122496820068,0.4174791052346165,0.6180949149506532,0.6081922503139439,0.581684784141418,0.6301340636888642,0.3493463249311366
stereovision0,0.00905358226737,0.0090349395177327,0.0110378265380859,0.0420055389404296,0.043274495517835,0.0358356782235205,0.0330376360216178,0.0374412536621093,0.1117267608642578,0.1498166168457828,0.9705894963198288,0.9708404739031642,0.9598463576798402,0.4826454492641859,0.5236200870435566,0.5835047754226299,0.5763445846013254,0.560860373677315,0.4092616134483139,0.541259317299989,0.3339154616881868,0.3373540357883966,0.3192465557207258,0.2881460594223223,0.4262135355864597,0.2783320434649252,0.281830374980656,0.2658676245208193,0.2340897840590625,0.4118752077236086,0.0133759821765124,0.0136602646671235,0.0176544189453125,0.06341552734375,0.0824972428381443,0.0575453247874975,0.0508197508752346,0.059722900390625,0.2076416015625,0.295591190457344,0.9636716653588632,0.965777937250772,0.9467302966087086,0.6667410532790514,0.1189293064540271,0.9916373621158472,0.9913273412523074,0.985278986111259,0.788598615522375,0.7891557486907541,0.5436419941377697,0.538950401764408,0.5371773272247151,0.4568150802015663,0.6093514037022763,0.4528679365150327,0.4493158995874446,0.4483922322372889,0.3714535336116427,0.5861530113003659,0.0184056162834167,0.0175022818148136,0.0210723876953125,0.068267822265625,0.0817203782498836,0.0590325072407722,0.0548486150801181,0.0625152587890625,0.21722412109375,0.2835625410079956,0.9382649344566838,0.9453528405050652,0.92205662097331,0.6224092767089221,0.1220025311369175,0.985928486596672,0.9875632858520458,0.981544038976994,0.7892798657254306,0.7962184706645805,0.637108374526375,0.6355818990843423,0.6328735267602404,0.5371441755075976,0.5357378854178728,0.5332516876212283,0.5337586599347087,0.5279466729937508,0.4355849252441787,0.5102101219935133,0.0017808395205065,0.0021927166962996,0.0022697448730468,0.0187530517578125,0.0044864048250019,0.0086242193356156,0.0085069492924958,0.0090866088867187,0.0130691528320312,0.0072936720680445,0.9945201318619936,0.98634137441493,0.9898257744937806,0.2896592042693227,0.91664424195317,0.0677529353179211,0.0499264459816399,0.0399419606055255,0.0069157390413737,0.2055771479437959,0.0367000393774877,0.0321469882117484,0.0195813339169186,0.0208093845221166,0.199457004173188,0.0302254576900865,0.0265818752467066,0.0159932873994174,0.0170091705707325,0.1967528408740212,0.0026518910890445,0.002784494892694,0.0031547546386718,0.0175857543945312,0.0043939561583101,0.0181406615301966,0.0179752288386225,0.0184402465820312,0.00897216796875,0.0128190638497471,0.9859012536017748,0.9858897434418896,0.9807727386435612,0.3517722627994475,0.9369042686301112,0.2887003176600796,0.2765612653193082,0.2366765090154816,0.0522522335040763,0.3740859019008254,0.118211438711115,0.1427368540930877,0.0873540349810291,0.1378155974580086,0.3603078490525015,0.0969830920333533,0.1176650651537642,0.0711383054528201,0.1123115068096962,0.354384856726534
raygentop,0.0092799033154733,0.0090704469475895,0.0111845731735229,0.0396289825439453,0.0331272890325635,0.0307244675350375,0.0294857739354483,0.0352904796600341,0.2211694717407226,0.1531461632112041,0.9417160579442064,0.9465032482342166,0.9229758983485052,0.4562285759649375,0.5532165236925647,0.5252488060193394,0.5281113793771123,0.5072024378820033,0.2265403934848412,0.3571777381902909,0.3339829455822908,0.3311417963423359,0.3126364082129569,0.1919907905123432,0.1557584322552485,0.2775563660999436,0.2755973915420998,0.2581229735651127,0.1514658883821077,0.1497000651799206,0.0127961873076856,0.0123297157697379,0.0157089233398437,0.059906005859375,0.0595214776694774,0.0471732523292303,0.0473957005888223,0.052154541015625,0.41552734375,0.2978919297456741,0.9538528886241991,0.9516554965856124,0.9151601347099544,0.5024980977078647,0.1635952852340294,0.9808961993503156,0.9823397236514608,0.9712341590207704,0.4146032892983707,0.6788794320876876,0.5673841617595778,0.5610524921548746,0.5189830196773905,0.3195192406147952,0.2899512232002759,0.4701390142952765,0.4649043638605319,0.4288049802453227,0.2540711935501959,0.2786048924872144,0.0186266144737601,0.0181268323212862,0.0225906372070312,0.0645751953125,0.0663545168936252,0.0555891152471303,0.0514413639903068,0.0684051513671875,0.4337158203125,0.2966291606426239,0.9252638937502128,0.9241824205942276,0.8839351086662288,0.4780190660112573,0.1519248055750337,0.967973333172058,0.969420454576192,0.9529337632953828,0.483437847565887,0.605033168485771,0.687489112431219,0.6843874440889628,0.6578992877762913,0.4133613710408145,0.2100424290347477,0.5732570353017339,0.5717773479371253,0.5438531288425046,0.3235332037901585,0.1986968381508716,0.0036582881584763,0.0035975481150671,0.0037837028503417,0.0166168212890625,0.0036457811947911,0.0072564382571727,0.0068808605428785,0.0066823959350585,0.0297203063964843,0.0059501710347831,0.8963626327453138,0.9204322637665244,0.9081453708603926,0.4951823180552245,0.9356626825373608,0.0072351659898499,0.0038438620150409,0.0231993717651873,0.0020133135060271,0.0029286635325925,-0.0030321462581576,-0.0008142571797351,0.0191009203920252,0.0074996658073258,0.0039633845324815,-0.0023289963216391,-0.0002603943519073,0.0153066979123225,0.0057622066204625,0.0030553726831719,0.0020385233219712,0.0022276915842667,0.002655029296875,0.0174179077148437,0.0029873803723603,0.0128790643066167,0.0122251706197857,0.0139198303222656,0.0057144165039062,0.0121133914217352,0.9913848166571,0.9897428119905018,0.9846629791574448,0.3492148220854035,0.9616833214238346,0.1448905255651343,0.1568414772657552,0.0814424574466721,0.0061071235690801,0.1418696886551128,0.0840906543965241,0.0799415063052415,0.054562405006121,0.0275828845864373,0.1190766922534888,0.0691584111244033,0.0659682487226494,0.0445270872603013,0.0224969495676138,0.1184431573984244
mkDelayWorker32B,0.0174147379002533,0.0172091647691559,0.0200121402740478,0.0803279876708984,0.0541336005844641,0.0390031406423077,0.041062765289098,0.0469493865966796,0.2762937545776367,0.1884556236909702,0.8894399549393719,0.884561426720777,0.8569256371958904,0.2943364521837671,0.6113997611533846,0.6218896094676881,0.6015438006203009,0.6130742312384063,0.2781868393708929,0.4998251577112146,0.5108380137897583,0.5002718492576497,0.4989923276122918,0.2832281881855386,0.2498774423527998,0.4248400908568277,0.4156086649644007,0.411699057572843,0.2119797713313655,0.2306551088183787,0.0272419862449169,0.0270617101341485,0.0319290161132812,0.1334228515625,0.0993893183767795,0.0627056285738945,0.0641092490404844,0.080230712890625,0.5450439453125,0.3923304229974746,0.8034061634911578,0.7948512979770339,0.7465205478439877,0.4155962232019254,0.3199343333856347,0.9807003782298048,0.981105060011126,0.974585269640292,0.5040245091847106,0.7042673636054604,0.8950680006568451,0.888225877087939,0.8732888534255714,0.5502459172723604,0.270057655264956,0.7477961740225417,0.73932659711748,0.7210362263295162,0.4122969695037569,0.2360935071530847,0.0345244221389293,0.0331974755972623,0.039764404296875,0.13885498046875,0.1084730587899684,0.0510106924921274,0.0578545853495597,0.0650787353515625,0.5308837890625,0.3232356160879135,0.8164690000399771,0.8218846708356315,0.7567582912205784,0.2849006032311494,0.2376060144232465,0.972225069391782,0.9743737106169232,0.9654025407721232,0.5156277953808042,0.6822090056716632,0.8671153356296952,0.8700108469561663,0.8708912059510342,0.513152552068205,0.2881921436099534,0.7225565578511506,0.7249304190908387,0.7211561493520049,0.3791847798494091,0.2523235365490822,0.0035353070124983,0.0039612165419384,0.0036344528198242,0.0276107788085937,0.0041026744293048,0.01904928823933,0.0186289213597774,0.0181121826171875,0.0138626098632812,0.0163213848136365,0.9775096873235428,0.9678764856863218,0.9712101141973484,0.1624138844057596,0.9420977821481008,0.215341939740655,0.1778651302757923,0.2481563534757982,0.0051229423607873,0.3055956343488732,0.1301649650387643,0.1030806028015333,0.1240334219739385,-0.0128780871367224,0.2269443752653109,0.1061552301073582,0.084258598073745,0.1009035243114986,-0.0103849529967721,0.2236633305275734,0.0043572362046688,0.0046162568032741,0.0047206878662109,0.02142333984375,0.0045693507418036,0.0232469532638788,0.0236583054065704,0.0243759155273437,0.0153846740722656,0.0219350708648562,0.9603749689028104,0.9536332523841206,0.953213595521647,0.314435097896234,0.945960914656556,0.3192910505085106,0.2728313015773622,0.2641527610654117,0.0879721105572696,0.3072286272188615,0.1510037538337288,0.1397700701849599,0.1277558290986232,0.0823923705383115,0.2143155952709789,0.1228524014462603,0.1139190455755392,0.1037003302983521,0.0668222889690681,0.2105400610437746
diffeq2,0.0054387945128837,0.0051115793175995,0.0081017017364501,0.026193618774414,0.0238801117229741,0.0258725328021682,0.0238667281228117,0.0406403541564941,0.1267638206481933,0.1257878061733208,0.960857579939606,0.967252724215056,0.9244902749793408,0.3938609229634121,0.5320427123047401,0.52111034833877,0.516114636381241,0.4578021152793677,0.0429725737544241,0.2447159784373372,0.2204682510449883,0.2221325659825829,0.1868175854750982,0.0907230869888239,0.0960948850587129,0.181149592248943,0.1828002652369361,0.1520703334339843,0.0729708936047377,0.0949585680501325,0.0062162671238183,0.0055482923053205,0.0108108520507812,0.03363037109375,0.0427356529980897,0.0400671418756246,0.0361805595457553,0.066864013671875,0.24737548828125,0.2381906136870384,0.9820258015583028,0.9847972372091768,0.9143633535094268,0.3544506391802414,0.1021296344162953,0.972991813840896,0.9789091695759476,0.9153965609522404,0.0258971100979029,0.5107538593248484,0.2828230082627454,0.3017984404347762,0.2421953692837456,0.102260982319142,0.2001169545236218,0.2320478247168281,0.2482024430126087,0.1981003534321815,0.0827875172306974,0.1978701808964713,0.0110304905101656,0.010339543223381,0.0151443481445312,0.037200927734375,0.0475685615092515,0.0497020576149225,0.0459620505571365,0.0810546875,0.24053955078125,0.252143532037735,0.9612797524197364,0.9611718838003752,0.8938599271898515,0.383652711492135,0.1136726151738972,0.9461995900944028,0.95421559707206,0.8952991052917711,0.1506840508292166,0.381540241807941,0.4988369276334577,0.5137781194282269,0.4715134131414293,0.2584192723605062,0.0998489493881621,0.4091287091532694,0.4230401958852647,0.382801974565339,0.2065942445765605,0.0972606094530935,0.003356154426001,0.003253340604715,0.0040502548217773,0.0165023803710937,0.0032311588292941,0.0074071111157536,0.0070936346892267,0.00762939453125,0.0090274810791015,0.0064203899819403,0.9024555422115376,0.9273852170799184,0.9036005224629104,0.5015281830093357,0.940543350544116,0.0258720628839206,8.764931393112456e-06,-0.0025191618145165,-0.0085605075444339,0.0510402753666782,0.0141797107027639,0.0002383936821336,0.0022548644279373,-0.0186781849540208,0.0357736437384437,0.012188070120356,-0.000499063494675,0.0018084536960102,-0.0145691273014407,0.0361029803065951,0.0011522659915499,0.0013051411369815,0.0024013519287109,0.0174407958984375,0.0019850735552608,0.0063138206023722,0.0062306676991283,0.0070133209228515,0.0101127624511718,0.0063966889865696,0.997669223568847,0.9956565587707534,0.9861372967551744,0.3358121581719362,0.9718252490846516,0.1393779265358605,0.1313250139455633,0.0230319566879758,0.0038696416350109,0.0355295372498811,0.0860333575809863,0.0727153103851949,0.0313066950472806,0.0208902782296682,0.0486399925846238,0.0712337650053186,0.0604574855445461,0.0255705520424065,0.0170709399131336,0.0486005015443702
mkPktMerge,0.0063209368818206,0.0062094980094116,0.0082759857177734,0.1147365570068359,0.0251541117613669,0.0224394484248477,0.023819026973797,0.0325508117675781,0.2138905525207519,0.1215074189822189,0.957717035869044,0.9652773006861736,0.9342323423457,0.2644813830575153,0.528312860026408,0.4873889704387999,0.5081068885382313,0.475363663573921,0.0971824098404371,0.1797277293580716,0.2339566000991852,0.2512011130899242,0.2400131978011906,0.0930435871393481,0.037313417936431,0.1924284693673862,0.207488737238396,0.1967402523769153,0.0739855419444131,0.0354936049831219,0.00753501849249,0.0078843540977686,0.0111427307128906,0.1764373779296875,0.0459285899996757,0.0347407646477222,0.0421529207378625,0.0558013916015625,0.4432373046875,0.2257649004459381,0.9769038254446688,0.978735007746638,0.9269587373172274,0.1818380196471817,0.1004365759739412,0.9698496148970724,0.9668441028525072,0.934753074863,0.1421975490977628,0.3706982999848182,0.3996167259482051,0.4105112150484603,0.4106368845477177,0.1148445444989302,0.2153147713090453,0.328773455542004,0.338395170334282,0.337878024474581,0.0922777101097094,0.2113152761499855,0.0128258070908486,0.0120284319855272,0.0156288146972656,0.1707916259765625,0.0492136534303426,0.0420560371130704,0.0412405021488666,0.060699462890625,0.312255859375,0.2471490502357483,0.9609532314313896,0.9655572754666067,0.9160929937173432,0.189949236650648,0.1018464676984499,0.9347600680105,0.9467441001114564,0.921962783490246,0.2185767687730256,0.2738785206429933,0.5162969405593334,0.5367012243243175,0.5258874367885766,0.2253204835954031,0.0976111357939497,0.4246440606227227,0.4443444442034965,0.4301376298080915,0.1776845001085882,0.0947820378788122,0.0033627010998316,0.0033287339028902,0.0039348602294921,0.016937255859375,0.0032481222879141,0.0067400519037619,0.0065704724984243,0.0064926147460937,0.0107975006103515,0.0058399755507707,0.9016064642634452,0.9230687261745032,0.9061865559915514,0.5064057796513354,0.9405809185760248,-0.0180318483420466,-0.0233514809903411,0.0068412337034091,0.0183153974382804,-0.0161258399160419,-0.0088760732839268,-0.0074540862167789,0.007185864819203,0.0244005476071109,-0.2060261529621209,-0.0074689741786901,-0.006588692434082,0.0055826355102446,0.0197652390521345,-0.2064264825684022,0.0015602208441123,0.0015964720514602,0.0023975372314453,0.0947799682617187,0.0022260813275352,0.0062209400348365,0.0053122125100344,0.0072097778320312,0.0892715454101562,0.0072757496964186,0.991404622336672,0.9937481933569464,0.9876910823566784,0.179732496280896,0.9703874778572156,0.0629780471896741,0.1421908321793026,0.0378975622390288,0.0096399240526796,0.0904599367205168,0.0287888071731294,0.065046099203698,0.016342605049265,0.007608772855948,0.0423539176048502,0.0237653354835083,0.0538040268498876,0.0133627197147441,0.0062147185072202,0.042303588472092
blob_merge,0.0092896397109143,0.0091366119740996,0.0122833251953125,0.05682373046875,0.0452404525713063,0.0436025157687254,0.0418550714384764,0.065584659576416,0.1941413879394531,0.2165378181380219,0.9772457569317972,0.9757139043802646,0.9614574310684958,0.3835632319266921,0.5345544459939036,0.7061867415343086,0.6949911574062654,0.5962344727561033,0.417101311750631,0.5811788721963536,0.3251069987003979,0.3245922884188564,0.2856824748377163,0.2126200915266483,0.4539638880453691,0.2688759581102142,0.2692589753886421,0.2359731505124598,0.1724869544882753,0.4445412507495927,0.0146121308207511,0.014460327103734,0.0197525024414062,0.091522216796875,0.0875353477895259,0.0718764588236808,0.0644251592457294,0.108184814453125,0.3563232421875,0.4702357500791549,0.9751053670467796,0.9747513537559216,0.9535072143797496,0.4913351639715642,0.1140898998159746,0.9960797729418676,0.9960817089170314,0.9926915752115112,0.8140606272126338,0.8231460104497044,0.4499776687987699,0.4208690266306936,0.4131157708303242,0.3577712148430317,0.6026330914497033,0.3727032791575687,0.3482702006370576,0.3418624176623321,0.2913527182917798,0.5895287397900915,0.0175220659002661,0.016787682659924,0.0232086181640625,0.09649658203125,0.0859928168356418,0.0745653323829174,0.0760738886892795,0.119171142578125,0.388427734375,0.3682090491056442,0.9580532744135412,0.9611013184014474,0.9308790350516818,0.4243749363533586,0.1325912616814992,0.9935461571004685,0.9942230942310056,0.9902100774587108,0.7927867400470523,0.8337517482521701,0.5374178761718468,0.5649168459186316,0.5549445297713469,0.4141286391475305,0.4668400953821183,0.4453658212823633,0.4708889548763129,0.4596138846944572,0.3346926584049119,0.4501974360900129,0.0023978109238669,0.0026147721800953,0.0029726028442382,0.0186920166015625,0.0037205207627266,0.0138232379686087,0.013192756101489,0.0162258148193359,0.016387939453125,0.0130822958890348,0.9892887554450064,0.9815701890363387,0.984016138363957,0.3074984983523003,0.939363787992407,0.3713584321940701,0.3434524555533692,0.2064505166889633,-0.0128556270751262,0.3317664053391868,0.1222822841327003,0.1154992919092803,0.0699461970875891,-0.0210731553756684,0.3726936643857032,0.1005226696194875,0.0952773293007042,0.0570440851363293,-0.0172492280992343,0.3688107984950414,0.002626551198773,0.0026836659526452,0.0031995773315429,0.0205841064453125,0.0037131248973309,0.0141450338996946,0.0137284817174077,0.0187568664550781,0.0154266357421875,0.0146241774782538,0.9865356308218614,0.985432756327351,0.9774273364785946,0.3110443290295456,0.9521728344857332,0.4637626039008282,0.446207370923655,0.1955857216652279,0.0744135068179639,0.3360513247443532,0.1907501656982746,0.1970839892168202,0.1047234016616051,0.0996536674916994,0.3736887009639516,0.1569120623814372,0.1625994167404936,0.0853722145567207,0.081151669355644,0.3696280286232253
